latitude,longitude,acq_date,acq_time,bright_ti4,frp,is_fire
74.81355,-94.66516,2020-07-01,852,0.0,0.0,0
65.82446,-63.01705,2021-09-01,849,0.0,0.0,0
68.09183,-76.76918,2024-04-01,1048,0.0,0.0,0
64.37576,-120.38081,2025-08-15,2048,367.0,163.55,1
66.3661,-118.67151,2024-10-01,1015,0.0,0.0,0
66.15767,-112.02032,2024-04-01,1048,0.0,0.0,0
55.28678,-87.28815,2024-07-01,1849,334.68,8.16,1
49.91009,-94.62868,2021-04-01,1804,0.0,0.0,0
45.58252,-66.78718,2023-06-01,1732,0.0,0.0,0
56.29843,-109.05503,2023-08-01,842,0.0,0.0,0
61.56311,-119.95656,2025-09-01,1035,0.0,0.0,0
50.17493,-122.11704,2025-07-01,2129,0.0,0.0,0
54.15533,-108.28017,2020-06-15,854,301.0,1.11,1
55.23648,-117.19632,2022-04-01,1904,340.45,5.46,1
78.66055,-97.48309,2024-05-01,806,0.0,0.0,0
62.07032,-137.42644,2025-09-15,1114,0.0,0.0,0
50.39736,-66.5207,2025-07-01,1808,0.0,0.0,0
53.71466,-110.7447,2024-06-15,2030,327.03,3.89,1
55.42053,-94.42872,2020-10-15,1712,0.0,0.0,0
47.08727,-78.27507,2020-05-01,1744,0.0,0.0,0
55.32789,-89.36325,2021-05-01,1841,0.0,0.0,0
57.81828,-119.07336,2023-08-15,2052,0.0,0.0,0
58.67149,-115.77799,2020-10-15,1858,0.0,0.0,0
44.99089,-63.17065,2020-11-01,1653,0.0,0.0,0
64.50224,-121.89515,2025-06-01,1102,0.0,0.0,0
72.49829,-121.45241,2021-05-01,1841,0.0,0.0,0
60.58245,-96.97164,2021-08-15,1713,0.0,0.0,0
59.3982,-107.70779,2022-06-15,905,0.0,0.0,0
54.39442,-129.07332,2024-11-01,1215,0.0,0.0,0
57.05427,-124.18278,2023-05-15,1126,0.0,0.0,0
60.34241,-104.09724,2021-07-15,1839,0.0,0.0,0
47.70189,-69.19616,2025-06-15,1804,0.0,0.0,0
64.73086,-139.07944,2022-04-01,914,0.0,0.0,0
68.06069,-107.87983,2024-09-01,1927,0.0,0.0,0
53.36616,-108.58807,2024-04-01,1857,0.0,0.0,0
46.45644,-74.91298,2025-04-01,1809,0.0,0.0,0
59.67725,-112.05604,2025-06-01,2053,367.0,99.32,1
60.22082,-122.00122,2023-05-15,945,0.0,0.0,0
52.98364,-99.03628,2024-06-15,1706,0.0,0.0,0
54.40847,-90.53421,2024-08-01,1908,0.0,0.0,0
49.12519,-70.60269,2025-05-01,1707,0.0,0.0,0
61.4451,-128.29207,2025-11-15,1841,0.0,0.0,0
52.31039,-111.95883,2020-10-01,1959,0.0,0.0,0
49.60879,-125.14742,2025-04-15,2031,0.0,0.0,0
49.85823,-124.50098,2025-08-01,1020,0.0,0.0,0
49.1401,-113.11839,2020-10-15,2036,0.0,0.0,0
52.25334,-110.58014,2023-09-15,2109,0.0,0.0,0
56.68308,-107.74833,2025-07-01,1809,0.0,0.0,0
55.81502,-97.37287,2024-08-15,1947,0.0,0.0,0
57.07428,-123.39415,2022-09-15,1023,0.0,0.0,0
47.94526,-80.10122,2021-11-01,1752,340.76,11.17,1
54.93018,-128.88283,2025-04-01,2135,328.26,2.68,1
60.53064,-70.30106,2020-07-15,1741,0.0,0.0,0
51.33602,-109.12164,2023-09-15,1745,0.0,0.0,0
58.21585,-102.4557,2022-07-15,1935,367.0,255.43,1
57.46192,-130.31156,2025-11-15,2024,0.0,0.0,0
53.04651,-66.51758,2021-07-01,1755,0.0,0.0,0
57.20194,-102.74115,2023-05-15,1936,347.23,28.34,1
54.50516,-74.78831,2020-09-01,609,0.0,0.0,0
52.95493,-74.25243,2022-06-15,1714,328.44,4.81,1
59.63864,-118.2274,2023-06-01,926,0.0,0.0,0
55.09407,-104.54159,2024-05-15,1832,0.0,0.0,0
53.99859,-132.35105,2022-11-01,2213,0.0,0.0,0
52.71444,-76.60579,2023-06-15,1632,0.0,0.0,0
77.69199,-94.98083,2024-05-01,806,0.0,0.0,0
50.70902,-99.85279,2024-09-15,1824,0.0,0.0,0
66.34154,-62.22731,2025-11-15,1841,0.0,0.0,0
49.82937,-123.11844,2025-09-15,2104,0.0,0.0,0
61.82842,-129.80734,2022-08-15,1957,0.0,0.0,0
54.46366,-99.38962,2025-09-01,856,0.0,0.0,0
66.16577,-70.66321,2023-11-01,819,0.0,0.0,0
55.41108,-125.35875,2021-11-15,1204,0.0,0.0,0
69.90006,-79.76357,2023-09-15,1745,0.0,0.0,0
66.35679,-99.41837,2025-11-15,1841,0.0,0.0,0
59.32345,-96.25283,2020-05-01,939,0.0,0.0,0
57.28898,-72.00171,2025-10-01,1741,0.0,0.0,0
49.96771,-104.91631,2021-10-15,1952,0.0,0.0,0
53.82698,-91.00852,2025-09-01,1845,0.0,0.0,0
65.2232,-129.69031,2023-07-15,2217,0.0,0.0,0
52.26733,-90.22121,2021-07-15,1836,0.0,0.0,0
54.83933,-99.7056,2025-09-01,856,312.12,1.23,1
63.5179,-131.09915,2022-09-01,1125,0.0,0.0,0
54.5135,-72.94308,2022-05-15,1833,0.0,0.0,0
62.7795,-118.68272,2024-07-01,2033,0.0,0.0,0
59.73392,-110.87166,2020-07-01,852,0.0,0.0,0
64.46744,-83.31887,2023-07-15,1043,0.0,0.0,0
45.89524,-67.12587,2025-05-15,1745,0.0,0.0,0
49.72999,-108.5313,2022-09-01,946,308.04,1.34,1
54.68148,-98.86808,2025-07-01,1948,0.0,0.0,0
53.74435,-105.22967,2021-11-15,2013,328.58,5.88,1
49.42528,-99.14671,2020-08-15,811,0.0,0.0,0
51.10205,-126.28143,2022-11-01,2212,0.0,0.0,0
63.0586,-107.06678,2024-08-01,1907,0.0,0.0,0
66.30469,-97.58963,2020-10-01,1815,0.0,0.0,0
60.4987,-102.73263,2023-11-15,1844,0.0,0.0,0
55.66001,-108.07619,2024-08-01,919,0.0,0.0,0
79.78519,-86.4616,2020-10-15,1712,0.0,0.0,0
44.94479,-64.57884,2024-04-15,1750,0.0,0.0,0
66.49013,-134.14856,2025-08-15,1053,0.0,0.0,0
59.78859,-122.09758,2025-06-15,958,367.0,10.55,1
50.25324,-100.81226,2023-09-01,2031,0.0,0.0,0
59.66815,-77.3043,2022-08-15,1629,0.0,0.0,0
68.76497,-127.23093,2021-07-15,1836,0.0,0.0,0
53.43817,-98.36246,2022-07-01,1858,0.0,0.0,0
49.55329,-116.44755,2022-11-15,2108,0.0,0.0,0
55.88779,-107.13065,2024-08-01,919,355.96,4.91,1
54.02552,-105.74792,2021-04-15,2023,342.55,5.29,1
65.62195,-123.87681,2025-09-01,1850,358.01,18.01,1
58.28976,-112.32488,2020-11-01,2018,0.0,0.0,0
67.5667,-121.59536,2021-10-01,1107,0.0,0.0,0
56.45105,-99.61752,2021-09-01,847,295.68,0.81,1
55.02648,-121.02002,2023-11-15,1846,0.0,0.0,0
53.80904,-113.09531,2025-05-01,2032,332.41,2.76,1
53.69685,-122.36716,2021-10-01,1917,356.5,48.35,1
50.15902,-108.88106,2020-07-01,1035,0.0,0.0,0
42.35124,-81.08178,2022-05-15,709,0.0,0.0,0
48.11792,-80.66381,2025-11-01,1801,0.0,0.0,0
62.16369,-104.69944,2021-07-01,1755,0.0,0.0,0
76.45212,-100.41057,2023-07-01,1814,0.0,0.0,0
60.01278,-133.70495,2023-11-15,1844,0.0,0.0,0
44.34403,-80.67369,2020-07-01,1839,0.0,0.0,0
53.4023,-104.8561,2024-04-15,945,303.48,1.05,1
65.90982,-113.11581,2025-04-15,2030,0.0,0.0,0
54.18036,-116.22102,2021-06-15,951,333.96,5.33,1
45.0973,-76.76075,2024-11-01,714,0.0,0.0,0
45.5554,-64.04027,2025-07-01,1623,0.0,0.0,0
59.43396,-112.99245,2023-10-15,834,367.0,32.4,1
52.91079,-85.80656,2023-08-01,1831,0.0,0.0,0
66.4867,-94.8404,2025-08-15,1720,0.0,0.0,0
47.66087,-75.38384,2023-06-01,1733,0.0,0.0,0
65.76997,-128.23767,2021-09-01,2203,367.0,6.21,1
76.36993,-93.04902,2025-05-15,1745,0.0,0.0,0
48.52358,-58.86414,2023-04-15,1534,346.42,5.33,1
52.7655,-126.79533,2024-07-01,1849,0.0,0.0,0
46.65206,-79.94147,2025-08-15,1721,0.0,0.0,0
53.36719,-89.38935,2024-05-01,806,0.0,0.0,0
67.13182,-108.08917,2020-08-15,1756,0.0,0.0,0
49.54996,-98.39046,2025-08-01,1826,367.0,5.46,1
52.73475,-110.96729,2023-05-01,2039,350.84,4.02,1
63.42384,-117.81524,2024-04-15,1750,0.0,0.0,0
70.16494,-73.60296,2025-11-01,1134,0.0,0.0,0
58.12414,-107.85155,2021-08-01,1818,0.0,0.0,0
50.06197,-104.25525,2025-08-15,916,0.0,0.0,0
51.32853,-86.40082,2020-08-15,810,0.0,0.0,0
62.06874,-116.08035,2025-07-01,1811,367.0,66.63,1
64.39165,-129.40604,2021-08-01,2144,0.0,0.0,0
61.98507,-140.45865,2025-10-15,1153,298.5,0.71,1
51.20045,-99.85657,2024-04-15,945,0.0,0.0,0
50.29817,-125.9669,2024-09-15,1157,297.07,1.08,1
69.38159,-72.31784,2021-04-15,2023,0.0,0.0,0
57.52122,-62.10865,2023-07-15,1710,0.0,0.0,0
53.67734,-128.88658,2025-04-01,1145,0.0,0.0,0
69.65139,-121.80558,2025-04-01,1075,0.0,0.0,0
63.49025,-71.40254,2023-09-15,1745,0.0,0.0,0
52.33383,-112.67789,2020-10-01,1959,332.26,3.71,1
57.45867,-123.6496,2022-09-15,1023,299.55,0.91,1
51.11681,-119.55976,2021-04-15,2204,0.0,0.0,0
44.38228,-78.52254,2022-08-15,1809,331.64,2.8,1
63.07118,-133.61793,2021-04-01,1946,0.0,0.0,0
45.63477,-61.95592,2023-04-15,1714,330.26,2.15,1
51.53821,-120.92637,2024-08-15,2127,0.0,0.0,0
52.64802,-107.618,2020-08-15,1940,0.0,0.0,0
49.00084,-99.81944,2024-10-01,2003,355.98,12.67,1
57.16399,-115.78883,2022-11-15,2110,0.0,0.0,0
56.30645,-129.12579,2021-10-15,1004,317.87,3.45,1
48.84591,-64.65343,2025-07-15,1702,338.33,3.21,1
68.10751,-131.26546,2025-07-15,2212,367.0,36.15,1
54.51329,-104.12774,2023-06-15,1954,0.0,0.0,0
49.15704,-120.0583,2021-04-15,2023,328.84,9.92,1
53.00774,-109.05262,2022-11-15,939,0.0,0.0,0
51.18656,-118.92446,2023-09-15,1929,0.0,0.0,0
60.10093,-129.55526,2023-09-15,1119,0.0,0.0,0
54.37023,-109.76031,2025-11-15,2022,338.05,58.46,1
50.07757,-68.12927,2023-08-01,1829,0.0,0.0,0
44.84326,-75.41588,2023-09-01,1707,327.88,4.86,1
56.35723,-64.95836,2020-08-01,1055,0.0,0.0,0
51.08161,-96.50712,2025-06-15,1807,0.0,0.0,0
50.08596,-108.27277,2023-04-01,1013,0.0,0.0,0
51.7254,-86.16991,2025-09-01,1845,339.01,4.86,1
47.47345,-76.59008,2020-07-15,1737,0.0,0.0,0
55.21027,-126.04564,2024-08-01,2051,336.72,3.6,1
50.18652,-102.71651,2025-04-15,2030,0.0,0.0,0
49.67911,-105.58306,2020-05-15,2004,339.84,4.2,1
46.99336,-80.37392,2020-08-15,630,0.0,0.0,0
58.94312,-133.92438,2021-05-15,1737,0.0,0.0,0
52.16048,-113.99703,2022-06-01,1010,0.0,0.0,0
64.79,-122.51114,2023-09-15,2113,347.38,5.94,1
49.73499,-101.21033,2021-09-01,849,297.39,0.22,1
52.81733,-120.51141,2022-11-01,2031,0.0,0.0,0
43.76122,-81.3302,2025-10-15,1818,332.42,3.14,1
82.7354,-75.84271,2023-07-15,1043,0.0,0.0,0
75.52298,-99.6186,2022-09-01,1125,0.0,0.0,0
58.20493,-95.75726,2025-08-01,836,0.0,0.0,0
53.90734,-69.54864,2022-07-15,1750,0.0,0.0,0
43.54186,-79.27788,2022-10-15,1725,0.0,0.0,0
48.03767,-74.4733,2020-06-15,1659,0.0,0.0,0
66.11991,-135.40376,2023-04-01,1013,0.0,0.0,0
70.34226,-76.96653,2021-04-01,1946,0.0,0.0,0
53.34724,-71.61003,2020-08-01,1055,0.0,0.0,0
63.36558,-115.68116,2023-07-01,821,0.0,0.0,0
56.15107,-118.95579,2022-04-01,913,0.0,0.0,0
57.70647,-129.74344,2025-11-15,2024,337.45,4.86,1
46.48734,-81.03125,2023-10-01,759,301.21,0.86,1
62.53328,-139.72118,2021-06-15,2124,345.1,15.12,1
64.91833,-117.46613,2020-07-01,2027,357.62,44.95,1
50.49821,-110.77343,2025-10-01,1924,0.0,0.0,0
50.75746,-101.28756,2021-06-15,951,310.49,1.15,1
64.34132,-133.56479,2022-06-01,2143,367.0,20.2,1
56.03445,-120.87391,2021-07-15,2019,332.29,3.32,1
52.18456,-99.34898,2023-07-01,824,0.0,0.0,0
54.35018,-85.01245,2023-07-01,1954,0.0,0.0,0
54.11521,-101.06121,2022-09-15,2012,0.0,0.0,0
55.07118,-110.53201,2020-08-01,913,300.45,1.15,1
73.21643,-93.96413,2023-08-15,1908,0.0,0.0,0
49.7168,-103.46516,2025-06-01,741,0.0,0.0,0
68.53181,-137.83492,2020-05-01,939,0.0,0.0,0
63.1839,-140.76686,2024-08-15,2312,367.0,8.73,1
80.10205,-91.2545,2022-05-15,1833,0.0,0.0,0
64.33632,-105.09751,2020-11-01,2018,0.0,0.0,0
53.00338,-68.33013,2020-05-15,2003,0.0,0.0,0
64.78823,-136.0239,2020-06-15,2028,0.0,0.0,0
55.65012,-109.21785,2023-05-01,2039,334.91,5.15,1
52.34199,-107.25403,2025-10-15,1013,0.0,0.0,0
59.47622,-71.72605,2025-08-15,1720,0.0,0.0,0
54.59412,-126.0543,2021-10-01,1107,345.67,5.63,1
49.12665,-98.79118,2024-04-01,1855,327.06,4.04,1
51.59008,-61.27362,2021-04-01,1946,0.0,0.0,0
50.12677,-111.29863,2024-10-15,913,0.0,0.0,0
64.90719,-137.40715,2020-06-15,2028,356.4,38.7,1
48.09181,-72.69146,2020-11-01,2018,0.0,0.0,0
65.02696,-116.11016,2024-08-01,2053,0.0,0.0,0
49.03839,-96.94321,2024-10-01,836,318.31,0.9,1
67.85417,-97.18454,2023-10-01,941,0.0,0.0,0
63.38515,-91.55354,2023-07-01,1814,0.0,0.0,0
64.50876,-126.19343,2023-09-15,2113,0.0,0.0,0
54.29007,-127.02753,2023-04-01,1012,0.0,0.0,0
67.27577,-134.80573,2021-08-15,2042,0.0,0.0,0
51.23288,-98.52947,2025-05-01,902,0.0,0.0,0
52.33801,-124.38999,2025-08-01,2148,0.0,0.0,0
42.09889,-81.64798,2023-11-01,639,0.0,0.0,0
54.70099,-126.8816,2023-04-01,1012,308.46,1.83,1
49.41374,-122.585,2021-10-01,2056,0.0,0.0,0
53.36368,-63.49019,2021-09-01,849,0.0,0.0,0
57.17299,-118.89957,2023-07-01,1955,0.0,0.0,0
55.16843,-102.01714,2022-08-15,1003,296.87,1.56,1
54.0727,-112.03207,2020-11-01,2018,351.89,8.99,1
81.88926,-72.50845,2025-05-01,1707,0.0,0.0,0
50.45227,-105.73034,2021-04-01,1945,0.0,0.0,0
52.53948,-104.37631,2020-08-15,1939,0.0,0.0,0
44.65856,-65.21397,2025-08-15,1720,367.0,116.74,1
62.46906,-131.033,2020-06-15,1033,301.6,1.12,1
58.14109,-103.42111,2024-07-01,1851,0.0,0.0,0
65.75285,-92.74944,2025-10-01,1741,0.0,0.0,0
52.70229,-101.64617,2020-07-15,751,0.0,0.0,0
57.62586,-111.59511,2024-05-01,944,0.0,0.0,0
49.01367,-90.59846,2025-11-15,1839,0.0,0.0,0
51.50423,-103.81197,2021-08-01,830,306.2,1.28,1
46.75571,-71.20099,2021-04-15,1659,336.79,2.93,1
47.48179,-73.19768,2024-09-15,1821,0.0,0.0,0
55.68871,-88.68309,2024-09-15,1825,337.47,25.79,1
58.57588,-69.17181,2025-10-15,1818,0.0,0.0,0
52.86208,-107.13031,2023-04-15,2039,339.71,17.55,1
51.92189,-84.3849,2023-10-01,758,0.0,0.0,0
47.42916,-74.02437,2020-10-15,1712,0.0,0.0,0
53.86157,-109.85239,2022-06-01,828,0.0,0.0,0
57.59076,-102.30623,2022-07-15,1935,0.0,0.0,0
52.53847,-94.12424,2021-11-15,1832,0.0,0.0,0
58.40783,-118.14069,2025-10-15,2145,0.0,0.0,0
55.88906,-126.80432,2024-10-15,1053,0.0,0.0,0
50.86039,-105.1195,2020-07-01,2023,0.0,0.0,0
49.04346,-120.59497,2023-11-01,959,320.16,1.65,1
51.06868,-115.13524,2020-05-01,939,305.78,0.97,1
49.87175,-110.16811,2022-05-15,2017,0.0,0.0,0
46.03315,-65.05501,2025-11-15,1657,0.0,0.0,0
45.84973,-63.5764,2021-07-15,1836,0.0,0.0,0
45.63957,-82.8345,2024-06-15,1846,0.0,0.0,0
65.91681,-72.61084,2023-11-15,1844,0.0,0.0,0
44.79012,-80.43568,2020-10-01,1815,0.0,0.0,0
70.0403,-108.52746,2023-09-01,2031,0.0,0.0,0
43.06957,-80.85997,2021-04-15,715,316.29,2.01,1
55.39547,-128.86581,2023-07-15,1043,0.0,0.0,0
50.45045,-125.05872,2023-05-15,2116,0.0,0.0,0
48.56797,-79.3423,2023-10-01,1745,0.0,0.0,0
52.07148,-89.66516,2021-08-15,1855,0.0,0.0,0
57.44601,-63.41127,2020-08-15,1756,0.0,0.0,0
51.08238,-56.18475,2024-10-01,1015,0.0,0.0,0
64.30177,-140.06441,2021-04-15,2023,0.0,0.0,0
60.86904,-111.57654,2021-07-15,1836,0.0,0.0,0
68.5754,-107.94861,2020-07-01,852,0.0,0.0,0
61.60568,-113.31182,2021-07-01,1755,0.0,0.0,0
53.8871,-82.47707,2024-10-01,834,309.25,2.95,1
48.55081,-80.51289,2022-11-01,1848,348.42,10.6,1
59.76904,-123.18468,2023-10-15,1017,0.0,0.0,0
46.9579,-67.33384,2024-10-15,1718,328.97,3.0,1
70.65792,-96.22975,2021-11-01,1753,0.0,0.0,0
72.8489,-120.93413,2023-09-01,2031,0.0,0.0,0
63.73772,-122.06496,2024-08-15,1950,367.0,161.34,1
54.49333,-121.61129,2020-10-01,2000,0.0,0.0,0
53.08862,-114.76639,2021-04-01,1946,329.24,4.4,1
56.53803,-110.91938,2024-05-15,841,0.0,0.0,0
55.83593,-99.92678,2024-09-01,938,0.0,0.0,0
66.48304,-101.83741,2023-04-15,1714,0.0,0.0,0
55.07361,-128.21311,2020-09-15,1010,0.0,0.0,0
50.98063,-62.71767,2022-11-15,2108,0.0,0.0,0
64.12974,-118.43186,2025-08-15,1908,367.0,93.68,1
66.02431,-98.1961,2025-05-15,1745,0.0,0.0,0
50.99658,-102.58447,2025-08-01,838,304.27,1.35,1
47.86045,-53.19778,2025-08-15,1540,367.0,15.77,1
62.17231,-115.05987,2022-08-15,1002,304.1,1.37,1
51.96669,-113.37429,2022-10-15,1101,0.0,0.0,0
51.45237,-120.07056,2024-08-15,2127,331.7,2.94,1
58.02246,-64.74081,2022-06-15,1712,0.0,0.0,0
55.67697,-76.81974,2025-08-15,1720,0.0,0.0,0
48.90608,-81.66615,2022-06-01,1008,0.0,0.0,0
62.51695,-92.84153,2024-10-01,1015,0.0,0.0,0
64.90165,-125.43704,2023-09-15,2113,367.0,46.01,1
63.23011,-97.65015,2023-09-01,2031,0.0,0.0,0
57.00012,-109.83738,2025-07-15,1702,0.0,0.0,0
51.82212,-98.91212,2021-06-01,2042,367.0,32.64,1
73.18204,-88.62638,2024-05-01,806,0.0,0.0,0
51.38723,-96.95531,2020-06-01,1945,341.32,14.7,1
45.66346,-65.39867,2020-11-15,605,0.0,0.0,0
42.81618,-81.32533,2020-09-01,753,306.89,1.0,1
50.91641,-78.62793,2023-08-15,1908,367.0,5.55,1
49.91219,-121.51701,2020-10-15,1049,312.91,1.27,1
54.67998,-61.58988,2020-06-01,1801,0.0,0.0,0
67.55197,-138.32553,2021-07-01,2306,0.0,0.0,0
62.40611,-123.88783,2022-10-15,1103,0.0,0.0,0
59.81156,-135.5164,2023-09-01,2034,0.0,0.0,0
56.34369,-114.18299,2025-08-01,2149,0.0,0.0,0
55.65811,-105.4974,2023-09-01,1852,348.79,48.97,1
49.42134,-96.42426,2021-06-01,1900,336.51,4.31,1
51.42067,-85.05691,2020-08-15,1758,0.0,0.0,0
51.08052,-122.26488,2022-09-15,1024,298.73,0.93,1
53.3503,-62.80047,2021-10-01,1107,0.0,0.0,0
51.32059,-113.9019,2020-06-15,2023,335.02,3.56,1
43.05352,-80.20449,2025-04-01,1809,0.0,0.0,0
45.13624,-73.67001,2022-05-01,1756,346.6,6.96,1
50.53245,-87.02456,2020-06-15,1659,0.0,0.0,0
60.20278,-108.4426,2021-07-15,846,0.0,0.0,0
59.64834,-70.99857,2021-05-15,1737,0.0,0.0,0
58.51254,-66.17799,2023-07-01,1814,344.55,5.99,1
61.03469,-119.96889,2023-08-15,919,367.0,13.85,1
59.70976,-119.76517,2022-06-01,2000,337.02,7.63,1
51.74731,-115.33079,2022-05-15,848,0.0,0.0,0
53.14128,-117.56711,2022-09-15,1024,0.0,0.0,0
56.45664,-96.69386,2021-09-01,847,320.27,1.49,1
58.66006,-114.76644,2024-09-01,937,295.81,1.03,1
52.48859,-120.13138,2022-11-15,940,0.0,0.0,0
74.95932,-112.54547,2023-08-01,1829,0.0,0.0,0
54.4525,-122.50336,2020-10-01,2000,344.39,63.78,1
51.91977,-99.99321,2020-05-01,938,295.98,1.03,1
60.08952,-111.08238,2020-07-01,852,297.62,1.78,1
61.81868,-120.93974,2025-09-01,1035,367.0,5.01,1
59.90804,-69.61354,2022-07-15,1750,0.0,0.0,0
59.64818,-114.26505,2024-06-15,1852,0.0,0.0,0
54.63587,-98.09743,2025-07-01,1948,353.96,33.62,1
55.46046,-96.22187,2021-07-15,1837,367.0,102.17,1
45.93119,-77.34709,2023-04-15,1715,327.44,5.47,1
52.04991,-93.48394,2021-11-15,2013,0.0,0.0,0
43.65281,-77.59349,2022-05-15,709,0.0,0.0,0
49.58026,-117.65825,2020-09-15,1958,350.73,9.44,1
50.39799,-117.98598,2024-11-15,1113,309.62,1.82,1
58.27932,-76.90514,2021-08-15,1713,0.0,0.0,0
50.8163,-89.79337,2023-08-15,740,305.85,1.54,1
61.11657,-104.85047,2022-06-15,1858,356.85,13.68,1
52.88033,-122.89122,2020-11-15,1106,0.0,0.0,0
45.57361,-77.71401,2025-10-15,1819,0.0,0.0,0
55.53873,-127.20781,2024-10-01,1156,0.0,0.0,0
52.67228,-114.85361,2024-11-15,1921,332.98,6.98,1
51.24276,-95.54103,2021-07-01,810,0.0,0.0,0
53.06631,-106.21687,2025-11-15,2022,0.0,0.0,0
53.18301,-122.52464,2020-10-15,1048,309.97,1.78,1
50.57232,-82.51638,2022-04-01,914,0.0,0.0,0
52.53882,-93.32763,2021-11-15,1832,330.17,4.73,1
61.07647,-126.41091,2024-08-01,1059,300.22,0.9,1
49.96778,-112.77528,2020-05-15,2004,330.36,1.23,1
51.43051,-104.88866,2021-06-01,2042,367.0,11.29,1
68.94016,-88.90144,2024-11-15,1919,0.0,0.0,0
55.09243,-102.893,2025-06-01,739,367.0,31.17,1
50.49539,-97.24458,2023-06-01,928,0.0,0.0,0
45.8816,-80.23043,2020-10-01,1815,0.0,0.0,0
52.32336,-84.72146,2023-10-01,758,301.51,1.12,1
54.58498,-115.38524,2021-06-15,951,296.87,0.9,1
60.2474,-116.09341,2020-10-01,1815,0.0,0.0,0
58.10606,-65.90199,2023-07-01,1814,0.0,0.0,0
58.27129,-114.09854,2024-09-01,937,0.0,0.0,0
51.206,-66.20008,2023-06-15,643,345.44,4.02,1
49.10959,-104.40818,2021-09-15,747,0.0,0.0,0
54.01331,-126.59231,2020-11-01,1029,324.89,2.62,1
53.69379,-72.57167,2021-06-15,628,298.18,0.55,1
56.42502,-121.70834,2020-11-01,2019,0.0,0.0,0
50.35272,-121.06085,2020-04-15,1119,0.0,0.0,0
49.4369,-111.9147,2020-07-15,933,0.0,0.0,0
59.0036,-106.97465,2023-07-01,1955,336.78,6.88,1
44.6676,-63.87468,2024-08-15,1622,0.0,0.0,0
51.62751,-92.60435,2025-06-01,1102,0.0,0.0,0
68.76933,-118.36757,2020-07-15,1737,0.0,0.0,0
59.06177,-117.08854,2023-07-15,2034,367.0,116.36,1
50.46637,-112.20435,2025-04-15,2030,336.92,63.4,1
51.02443,-124.96137,2022-11-15,2109,334.19,56.05,1
59.28767,-104.2539,2023-08-01,1022,0.0,0.0,0
56.56189,-120.63377,2024-10-15,2043,0.0,0.0,0
54.82138,-116.18283,2022-10-15,2051,0.0,0.0,0
59.16128,-129.32628,2020-08-01,1055,0.0,0.0,0
80.3273,-88.97514,2025-04-15,2030,0.0,0.0,0
67.43737,-111.54548,2022-10-15,1103,0.0,0.0,0
73.57533,-80.78934,2023-04-15,1714,0.0,0.0,0
52.73098,-111.78696,2023-10-01,1928,357.07,13.91,1
53.43499,-123.94864,2024-09-01,2109,0.0,0.0,0
53.24032,-116.59953,2022-09-15,1024,301.39,1.12,1
60.63343,-97.99906,2025-08-01,1017,0.0,0.0,0
64.55202,-132.72044,2022-06-01,2143,0.0,0.0,0
59.10721,-122.24321,2025-10-15,2005,0.0,0.0,0
51.84416,-90.47546,2021-07-15,1836,367.0,84.91,1
47.86578,-83.33075,2020-08-01,1055,0.0,0.0,0
47.59806,-78.68721,2022-05-01,1757,328.43,1.58,1
58.17993,-119.17677,2025-06-15,958,0.0,0.0,0
57.47543,-110.96547,2025-04-01,1003,0.0,0.0,0
51.89073,-91.44982,2025-06-15,1947,367.0,30.76,1
61.81645,-110.16373,2021-07-01,1942,346.98,6.77,1
42.58717,-82.53278,2022-06-15,728,0.0,0.0,0
63.53757,-139.54878,2025-09-01,1216,295.5,0.75,1
46.34028,-83.7518,2024-10-15,733,0.0,0.0,0
69.91969,-95.59846,2020-06-01,1801,0.0,0.0,0
56.3966,-116.34108,2025-04-15,2032,0.0,0.0,0
50.7173,-97.81435,2020-09-15,1817,0.0,0.0,0
49.19474,-122.07977,2021-08-15,1049,0.0,0.0,0
56.77288,-116.39499,2022-04-01,2044,0.0,0.0,0
60.86286,-109.68989,2023-07-15,2034,0.0,0.0,0
50.71122,-122.2488,2025-04-01,2133,0.0,0.0,0
52.64075,-85.01022,2023-10-01,758,0.0,0.0,0
46.33035,-73.67182,2024-10-01,655,0.0,0.0,0
53.61077,-105.89039,2021-11-15,2013,0.0,0.0,0
51.45306,-121.49064,2021-04-01,2126,0.0,0.0,0
53.18755,-76.15293,2023-07-01,1632,367.0,23.14,1
58.88176,-100.20434,2021-08-01,1820,353.13,10.35,1
53.01807,-125.64236,2023-10-15,1017,321.51,3.15,1
43.5453,-80.22142,2025-11-01,1800,0.0,0.0,0
61.8496,-124.32138,2023-06-01,2100,351.77,14.74,1
56.24422,-125.44415,2021-08-01,2141,343.14,76.7,1
55.17852,-74.46305,2022-06-15,1714,367.0,55.83,1
45.87533,-72.62196,2021-11-01,625,0.0,0.0,0
53.98432,-128.19026,2025-07-15,1217,0.0,0.0,0
49.05864,-101.51409,2020-05-15,2003,354.33,21.08,1
46.80656,-83.6773,2022-08-15,824,0.0,0.0,0
65.43703,-127.44422,2021-09-01,2203,0.0,0.0,0
51.34773,-87.78593,2023-06-15,1812,0.0,0.0,0
49.4537,-99.85666,2023-06-15,1812,0.0,0.0,0
45.74843,-76.27627,2022-07-01,1858,0.0,0.0,0
60.83411,-125.59489,2024-08-01,1059,0.0,0.0,0
57.15995,-113.24152,2021-07-15,2019,367.0,93.96,1
75.98929,-106.95827,2023-05-15,1751,0.0,0.0,0
53.14754,-107.66081,2021-11-15,1024,331.11,12.4,1
56.25891,-90.11855,2025-07-01,1808,367.0,119.56,1
45.47139,-72.64785,2022-09-01,625,0.0,0.0,0
53.9517,-125.66552,2023-09-01,902,0.0,0.0,0
53.79847,-113.96276,2025-05-01,1042,0.0,0.0,0
61.1416,-77.2254,2022-05-01,951,0.0,0.0,0
59.70218,-126.91293,2024-11-01,1215,0.0,0.0,0
69.72111,-68.67213,2025-06-01,1102,0.0,0.0,0
43.29601,-81.46769,2020-09-01,753,0.0,0.0,0
61.10564,-108.91133,2025-10-15,1818,0.0,0.0,0
45.27896,-66.01719,2020-06-01,636,300.3,1.06,1
64.03098,-135.8569,2024-05-15,1021,298.45,0.98,1
64.49191,-103.1559,2020-08-15,1756,0.0,0.0,0
56.73302,-112.35424,2021-10-01,2057,0.0,0.0,0
54.47985,-84.23387,2021-10-01,1107,0.0,0.0,0
53.42141,-109.232,2022-11-15,939,338.29,4.63,1
50.20486,-103.39204,2024-06-15,901,0.0,0.0,0
55.58109,-110.87923,2020-10-01,1009,329.36,4.27,1
65.84997,-116.99957,2021-08-01,2003,367.0,48.26,1
50.65372,-74.94308,2024-09-01,1927,0.0,0.0,0
50.6679,-102.23082,2021-09-15,1915,0.0,0.0,0
68.30712,-138.81281,2023-10-01,941,0.0,0.0,0
60.44915,-111.87127,2022-10-01,1021,347.06,8.0,1
45.24892,-66.5547,2022-11-01,541,0.0,0.0,0
48.50143,-71.22843,2020-09-15,1635,0.0,0.0,0
50.40943,-112.83644,2022-05-15,849,0.0,0.0,0
51.08322,-118.356,2025-10-15,2143,0.0,0.0,0
50.67842,-79.14558,2024-08-01,1907,353.82,9.94,1
57.94097,-108.51139,2022-07-15,1935,0.0,0.0,0
60.7207,-123.68816,2022-09-15,1022,338.45,3.31,1
51.13989,-104.52661,2023-09-15,1928,341.86,4.83,1
57.86466,-67.98428,2020-09-01,1740,0.0,0.0,0
61.58828,-140.67894,2025-10-15,1153,0.0,0.0,0
48.43074,-76.51105,2024-09-15,1821,0.0,0.0,0
69.38346,-67.85847,2022-11-01,1850,0.0,0.0,0
67.72073,-127.37888,2025-09-15,1741,0.0,0.0,0
76.54745,-108.93409,2024-05-15,1827,0.0,0.0,0
54.53411,-119.74667,2025-06-01,1102,341.72,7.46,1
46.88732,-66.28766,2020-08-15,1756,0.0,0.0,0
50.77434,-116.71692,2022-04-01,914,0.0,0.0,0
51.06153,-94.61842,2025-05-15,1748,0.0,0.0,0
55.66245,-87.54635,2024-07-01,1849,0.0,0.0,0
65.59088,-90.87587,2023-11-15,1844,0.0,0.0,0
54.7684,-117.84207,2023-09-15,1119,0.0,0.0,0
82.24769,-80.17269,2025-08-01,1017,0.0,0.0,0
50.32305,-123.58679,2025-09-15,2104,330.16,2.54,1
63.31462,-125.15096,2025-09-15,1741,0.0,0.0,0
50.1311,-96.89921,2020-07-15,932,299.08,0.37,1
73.03957,-122.69589,2023-06-01,1733,0.0,0.0,0
50.78056,-106.41254,2020-04-15,2107,350.2,16.7,1
49.0875,-74.12758,2023-06-15,1631,0.0,0.0,0
60.88037,-136.51179,2023-10-15,1017,0.0,0.0,0
44.05275,-77.12045,2020-09-15,650,297.61,1.18,1
60.63363,-108.62123,2020-07-01,852,0.0,0.0,0
55.22649,-105.64189,2020-06-01,1801,0.0,0.0,0
51.50611,-118.15012,2023-11-01,959,337.0,4.87,1
42.66919,-80.76826,2021-04-15,715,0.0,0.0,0
69.79181,-97.4597,2020-09-01,933,0.0,0.0,0
60.41546,-133.34466,2021-11-01,1125,0.0,0.0,0
50.67149,-107.06438,2022-05-01,1939,0.0,0.0,0
60.41433,-127.78605,2025-05-01,1707,0.0,0.0,0
50.51538,-104.62785,2025-09-01,2026,336.9,5.33,1
53.35095,-115.44834,2021-10-01,927,345.54,11.68,1
56.13892,-106.05443,2023-06-15,1815,367.0,11.91,1
67.30957,-125.09986,2025-08-01,1017,0.0,0.0,0
52.06749,-123.59543,2023-09-01,1043,296.75,1.19,1
43.89812,-77.97143,2021-11-15,1832,0.0,0.0,0
51.94103,-100.7959,2023-06-01,1733,0.0,0.0,0
52.59773,-102.8319,2021-10-15,1813,357.05,9.12,1
58.20289,-115.63695,2020-10-15,1858,357.05,107.49,1
49.91899,-115.65366,2021-04-15,2023,354.31,15.95,1
49.35227,-102.7257,2024-04-01,908,300.84,0.73,1
49.28981,-118.62436,2020-08-01,1055,0.0,0.0,0
47.87597,-71.06665,2022-07-15,624,0.0,0.0,0
71.91032,-122.72803,2021-05-01,1841,0.0,0.0,0
65.06844,-96.98834,2020-05-01,939,0.0,0.0,0
55.75209,-100.60693,2024-09-01,938,297.94,1.02,1
51.81523,-97.81272,2023-06-15,1813,0.0,0.0,0
50.52341,-80.42713,2023-08-15,1908,367.0,141.03,1
50.65881,-84.96939,2021-07-15,848,299.0,1.15,1
49.72875,-100.39978,2022-06-01,829,0.0,0.0,0
61.02435,-122.98392,2023-09-01,2034,333.48,4.94,1
53.17242,-126.2647,2021-08-01,1151,0.0,0.0,0
49.80076,-112.19324,2020-07-15,933,304.3,0.79,1
51.84585,-101.83247,2022-10-15,1909,338.27,11.27,1
59.24853,-112.0378,2022-07-15,2117,0.0,0.0,0
52.2298,-92.24064,2024-08-01,1908,330.38,4.72,1
61.04971,-96.40228,2020-04-15,1746,0.0,0.0,0
58.13867,-106.54786,2024-11-01,1215,0.0,0.0,0
54.11151,-88.81706,2024-09-01,1927,0.0,0.0,0
54.87262,-87.28527,2024-09-15,1821,0.0,0.0,0
53.78309,-111.51607,2024-10-15,1902,0.0,0.0,0
60.56575,-134.43552,2021-11-01,1125,320.79,1.62,1
44.08467,-80.26128,2020-04-01,1846,0.0,0.0,0
65.46086,-126.01224,2023-06-15,2139,0.0,0.0,0
49.55798,-83.93669,2024-08-15,1804,0.0,0.0,0
50.4359,-95.52979,2025-09-15,1923,332.05,3.31,1
65.90342,-118.18011,2022-07-15,2119,0.0,0.0,0
64.73287,-97.35374,2021-04-01,1946,0.0,0.0,0
54.83579,-113.15177,2022-11-15,2110,0.0,0.0,0
68.92795,-130.75808,2025-07-01,1808,0.0,0.0,0
54.63461,-109.21024,2020-10-15,1857,0.0,0.0,0
66.86419,-133.64833,2025-08-15,1053,304.12,1.32,1
54.06914,-103.0957,2023-07-01,1814,0.0,0.0,0
42.53995,-79.92748,2024-04-01,1853,0.0,0.0,0
44.07715,-79.53185,2024-08-01,741,314.39,1.34,1
46.17747,-74.49299,2021-10-01,747,0.0,0.0,0
50.84039,-121.19778,2025-06-15,1000,0.0,0.0,0
43.82304,-78.6123,2023-05-15,1751,0.0,0.0,0
58.86658,-122.88261,2023-04-15,1049,310.63,1.73,1
59.93683,-107.69653,2021-07-15,846,308.04,1.33,1
78.48995,-112.30845,2025-06-15,1804,0.0,0.0,0
56.62318,-117.33258,2022-10-15,2051,326.93,3.98,1
53.82132,-85.11712,2023-04-15,1714,0.0,0.0,0
49.96064,-99.54845,2021-09-15,1914,332.72,3.02,1
51.69164,-114.48023,2025-10-15,1014,300.9,1.08,1
69.59388,-103.24515,2020-09-15,1634,0.0,0.0,0
61.67768,-130.86727,2021-11-01,1753,0.0,0.0,0
80.70425,-86.02193,2023-08-01,1829,0.0,0.0,0
53.16223,-121.32178,2020-04-01,721,0.0,0.0,0
58.84166,-116.4634,2022-04-15,950,0.0,0.0,0
49.81519,-96.479,2021-05-01,2022,0.0,0.0,0
54.08073,-110.71492,2025-11-01,955,0.0,0.0,0
56.04562,-123.96867,2021-11-15,1024,0.0,0.0,0
55.39699,-121.41454,2023-06-15,1955,0.0,0.0,0
58.56285,-124.23154,2023-09-15,2111,330.08,5.27,1
52.82685,-109.68636,2022-05-15,2017,0.0,0.0,0
72.98768,-95.44711,2020-05-01,939,0.0,0.0,0
52.29044,-101.69731,2025-10-01,755,0.0,0.0,0
59.59907,-74.50821,2023-10-01,941,0.0,0.0,0
53.60791,-126.10568,2021-04-01,2127,0.0,0.0,0
72.65591,-99.6846,2020-07-15,1737,0.0,0.0,0
45.11249,-73.01078,2022-04-01,553,296.5,0.6,1
54.22146,-116.83369,2021-10-15,1004,314.83,1.25,1
61.80359,-109.10571,2021-07-01,1942,0.0,0.0,0
55.45296,-113.75,2024-04-01,1047,295.54,0.91,1
64.35917,-99.65791,2022-07-15,1750,0.0,0.0,0
61.46193,-107.97758,2020-07-01,851,319.1,2.91,1
52.82883,-125.0047,2025-09-15,2105,348.81,9.32,1
50.86491,-81.88863,2025-07-15,1702,0.0,0.0,0
54.52003,-120.57821,2022-09-01,2116,0.0,0.0,0
52.74211,-72.13987,2020-08-15,1756,0.0,0.0,0
65.95878,-94.78679,2022-11-15,2108,0.0,0.0,0
57.55906,-114.81829,2023-09-01,2033,367.0,176.96,1
48.49317,-78.65338,2021-08-01,1816,0.0,0.0,0
52.32888,-90.98067,2021-08-15,1855,0.0,0.0,0
57.90669,-66.52785,2020-10-15,1712,0.0,0.0,0
72.09795,-95.34887,2024-11-15,1919,0.0,0.0,0
61.04995,-69.61835,2020-07-15,1741,331.01,3.54,1
64.19639,-113.9321,2023-07-15,859,367.0,5.57,1
50.354,-124.38255,2023-11-15,2205,0.0,0.0,0
67.94639,-137.07508,2025-04-15,2030,0.0,0.0,0
58.43649,-121.33824,2024-05-15,2014,352.8,11.75,1
63.02858,-92.19833,2023-05-15,1938,338.86,11.23,1
58.75935,-65.54875,2022-06-01,1008,0.0,0.0,0
56.57338,-70.20372,2022-11-15,2108,0.0,0.0,0
53.7334,-121.19066,2022-11-15,2109,0.0,0.0,0
51.20268,-93.04106,2023-11-15,1843,333.16,37.69,1
57.80675,-113.3878,2021-07-01,1941,367.0,43.56,1
52.2996,-94.81568,2023-08-15,1909,344.61,14.78,1
61.19883,-135.38127,2025-11-01,1948,0.0,0.0,0
76.22113,-122.09286,2022-10-01,2011,0.0,0.0,0
52.66637,-106.62511,2020-08-15,1940,336.17,2.86,1
44.26762,-76.37901,2020-04-15,758,0.0,0.0,0
54.87019,-119.12439,2025-04-01,1004,295.4,0.62,1
59.62347,-105.15163,2023-08-01,1022,309.53,1.33,1
57.77142,-114.27107,2021-07-01,1941,0.0,0.0,0
65.57324,-106.87777,2023-05-01,2038,0.0,0.0,0
51.20137,-106.39246,2021-05-01,2023,340.76,5.94,1
58.38311,-99.94016,2021-08-01,1820,0.0,0.0,0
57.73696,-124.74883,2023-06-15,2136,0.0,0.0,0
67.17721,-86.47952,2021-08-01,1818,0.0,0.0,0
63.87207,-121.24749,2025-08-15,2048,0.0,0.0,0
47.76642,-58.41627,2020-08-15,1756,0.0,0.0,0
53.59524,-94.5042,2021-08-01,829,0.0,0.0,0
60.25164,-71.48301,2025-04-01,1075,0.0,0.0,0
59.32967,-110.87308,2022-09-15,2014,354.56,17.77,1
51.19597,-116.32592,2023-11-01,959,0.0,0.0,0
70.60662,-88.13896,2024-11-15,1919,0.0,0.0,0
55.15656,-106.59798,2023-07-01,1814,0.0,0.0,0
52.25627,-102.36501,2021-10-15,1813,0.0,0.0,0
50.08686,-91.69173,2021-11-01,1753,353.4,4.93,1
64.90688,-106.69756,2023-11-01,819,0.0,0.0,0
55.11017,-114.74822,2020-07-15,1737,0.0,0.0,0
51.03395,-100.71764,2020-04-15,1926,342.51,12.08,1
54.69921,-110.72475,2021-09-01,2019,332.02,6.19,1
48.37863,-77.28769,2023-06-01,1914,0.0,0.0,0
55.80494,-110.16775,2020-10-01,1009,0.0,0.0,0
55.18291,-112.42214,2020-04-15,938,304.55,2.0,1
59.33769,-113.88851,2024-06-15,1852,338.19,11.62,1
49.18797,-83.01598,2024-11-01,1841,0.0,0.0,0
62.11632,-132.62042,2022-04-15,811,0.0,0.0,0
53.4696,-102.73521,2024-05-01,804,0.0,0.0,0
57.3455,-124.83901,2023-05-15,1126,367.0,19.15,1
50.71653,-125.48232,2022-11-01,1043,315.4,1.99,1
57.358,-105.90862,2021-08-01,2000,0.0,0.0,0
46.29997,-76.29674,2023-06-01,1733,0.0,0.0,0
65.37851,-118.43977,2022-07-01,2040,0.0,0.0,0
53.11612,-124.47435,2024-09-01,2109,328.06,4.05,1
52.0518,-106.21372,2022-10-01,2012,0.0,0.0,0
54.89884,-119.86988,2024-04-15,1125,0.0,0.0,0
57.04503,-122.65781,2021-04-15,2025,0.0,0.0,0
62.98852,-93.27887,2023-05-15,1938,0.0,0.0,0
50.99574,-87.57684,2023-06-15,1812,367.0,117.2,1
60.50689,-122.86204,2023-09-01,2034,0.0,0.0,0
54.77534,-68.21098,2025-11-01,1134,0.0,0.0,0
51.31965,-117.02102,2023-10-01,941,0.0,0.0,0
47.86714,-59.09559,2020-08-15,1756,329.8,3.14,1
80.18406,-84.26512,2025-08-01,1017,0.0,0.0,0
47.55458,-81.93477,2020-04-01,720,323.87,2.76,1
47.48495,-83.23304,2025-08-15,1720,0.0,0.0,0
52.3648,-119.28288,2023-07-15,2032,0.0,0.0,0
54.90713,-111.32699,2020-08-01,913,0.0,0.0,0
43.26452,-82.04836,2022-04-15,632,0.0,0.0,0
56.87976,-128.66911,2021-10-15,1004,0.0,0.0,0
50.94654,-80.42049,2023-07-15,901,0.0,0.0,0
58.35242,-122.32223,2024-05-15,2014,0.0,0.0,0
61.50686,-139.21646,2021-05-15,1737,0.0,0.0,0
60.81975,-115.75895,2023-05-15,1938,367.0,65.92,1
60.42827,-105.28146,2023-06-15,1812,0.0,0.0,0
55.26933,-100.47864,2021-10-01,1916,332.63,3.06,1
78.07552,-85.20948,2024-10-15,1901,0.0,0.0,0
45.25992,-81.48685,2025-06-15,1804,0.0,0.0,0
55.13245,-63.96222,2024-10-15,1901,0.0,0.0,0
45.64946,-75.25515,2024-08-15,1803,0.0,0.0,0
48.59529,-74.8673,2022-09-15,1024,0.0,0.0,0
81.28459,-81.22379,2021-08-15,1713,0.0,0.0,0
47.23503,-71.77703,2021-08-15,1713,0.0,0.0,0
53.26032,-109.94128,2023-05-15,946,316.73,1.67,1
42.312,-82.05017,2025-10-01,757,312.16,1.24,1
45.82278,-73.26863,2022-10-01,703,298.8,0.94,1
53.10548,-99.8223,2020-10-01,829,327.13,4.07,1
71.34492,-80.97184,2021-06-15,951,0.0,0.0,0
56.75741,-114.04946,2025-08-01,2149,367.0,54.62,1
53.69001,-101.55885,2022-09-15,2012,334.42,3.2,1
58.34826,-107.17295,2024-10-15,1901,0.0,0.0,0
50.29501,-90.07821,2023-08-15,740,0.0,0.0,0
69.07543,-125.66735,2021-09-15,1732,0.0,0.0,0
54.52075,-88.6675,2020-07-15,1920,357.23,37.05,1
51.96861,-115.82182,2025-11-01,955,297.39,0.88,1
46.97585,-81.67376,2020-04-01,720,0.0,0.0,0
71.25808,-115.05161,2023-05-01,2038,0.0,0.0,0
58.61813,-109.78516,2022-07-01,1858,329.84,5.05,1
57.75207,-115.55162,2021-08-01,828,0.0,0.0,0
46.5181,-63.6136,2020-10-15,1712,340.11,6.28,1
75.63853,-111.29547,2022-08-15,1629,0.0,0.0,0
62.76225,-137.7267,2024-07-01,1039,311.14,2.48,1
46.65506,-67.62623,2020-05-15,1640,0.0,0.0,0
61.71548,-111.72995,2020-07-01,852,0.0,0.0,0
49.46892,-120.55186,2022-10-15,922,0.0,0.0,0
52.10766,-105.30791,2020-06-01,1945,335.31,2.41,1
60.30728,-109.42213,2020-07-01,852,342.31,8.8,1
68.16874,-94.00818,2020-11-15,1106,0.0,0.0,0
67.08381,-102.52998,2024-04-01,1048,0.0,0.0,0
49.2185,-115.81295,2023-11-01,959,334.46,10.92,1
49.72558,-78.67963,2023-04-01,1013,0.0,0.0,0
50.40739,-94.64471,2021-08-01,1818,367.0,23.75,1
60.65847,-119.0918,2024-08-15,956,311.32,1.28,1
52.7094,-124.13686,2024-11-01,1035,0.0,0.0,0
56.76466,-119.396,2021-08-01,1818,0.0,0.0,0
63.30108,-127.32774,2023-09-01,1040,0.0,0.0,0
79.7272,-94.73094,2024-08-01,1907,0.0,0.0,0
65.43844,-122.16597,2021-10-15,1952,0.0,0.0,0
50.73853,-126.51726,2021-11-01,947,0.0,0.0,0
48.74278,-123.70462,2022-07-01,1049,0.0,0.0,0
50.16266,-119.15671,2023-05-01,2038,0.0,0.0,0
49.41429,-95.79855,2021-06-01,1900,0.0,0.0,0
63.4803,-126.00778,2024-04-15,1750,0.0,0.0,0
51.03776,-123.11653,2024-05-15,1024,0.0,0.0,0
52.5154,-88.80163,2021-07-01,1939,0.0,0.0,0
63.04595,-91.18173,2024-09-01,755,0.0,0.0,0
67.4705,-126.29364,2022-06-15,1712,0.0,0.0,0
65.0753,-119.63724,2020-07-01,2027,0.0,0.0,0
67.18359,-138.73785,2021-07-15,2203,347.62,9.04,1
61.50635,-137.04652,2025-09-15,1114,295.04,1.03,1
60.21478,-118.61691,2023-06-01,926,367.0,13.35,1
66.28071,-128.57483,2024-06-15,1854,367.0,48.07,1
65.16389,-104.59603,2024-10-01,1015,0.0,0.0,0
56.68973,-122.1657,2024-04-01,907,304.46,1.15,1
59.7906,-75.66043,2025-06-15,1804,0.0,0.0,0
55.74975,-104.36438,2021-08-15,2038,367.0,26.33,1
44.29869,-64.74881,2025-08-15,1720,0.0,0.0,0
55.72678,-126.17612,2020-11-01,2019,0.0,0.0,0
66.81742,-63.95379,2022-06-15,1712,0.0,0.0,0
66.94377,-125.44864,2025-07-15,1702,0.0,0.0,0
50.21368,-84.38239,2021-07-15,1836,0.0,0.0,0
62.14323,-126.08498,2021-10-01,1107,0.0,0.0,0
62.00426,-134.58459,2023-07-15,2035,367.0,137.55,1
56.12694,-120.25002,2023-05-01,2040,356.97,6.09,1
57.05272,-120.42842,2023-11-01,957,0.0,0.0,0
53.31389,-97.76271,2025-10-01,1924,0.0,0.0,0
55.91105,-89.50827,2024-09-15,1825,0.0,0.0,0
54.48741,-67.237,2022-04-01,914,0.0,0.0,0
63.48634,-136.02132,2024-05-15,1021,0.0,0.0,0
49.91427,-125.52122,2025-11-01,2124,330.6,4.74,1
54.70046,-77.72967,2021-06-01,1900,0.0,0.0,0
65.44124,-85.65355,2023-08-15,1908,0.0,0.0,0
60.12034,-105.95451,2024-04-15,1750,0.0,0.0,0
50.13049,-80.25807,2023-08-15,1908,0.0,0.0,0
55.79811,-122.03755,2025-06-01,921,0.0,0.0,0
64.28348,-90.235,2020-11-15,1106,0.0,0.0,0
56.28735,-89.45649,2025-07-01,1808,0.0,0.0,0
54.06948,-77.73955,2025-06-15,1807,0.0,0.0,0
50.29149,-117.41225,2024-11-15,1113,0.0,0.0,0
52.38285,-113.5323,2022-10-15,1101,303.98,1.39,1
72.3547,-85.78624,2024-08-15,1803,0.0,0.0,0
51.56491,-74.94114,2021-07-01,1755,0.0,0.0,0
49.31221,-114.00394,2020-10-15,2036,336.0,37.52,1
52.78572,-113.84562,2024-04-01,2037,332.08,7.8,1
51.21069,-114.59141,2025-10-15,1014,0.0,0.0,0
57.96967,-124.09347,2022-10-15,2052,0.0,0.0,0
57.4319,-121.38469,2020-07-15,931,0.0,0.0,0
65.63342,-104.46868,2023-08-01,1829,0.0,0.0,0
55.19276,-120.31495,2025-05-01,2214,0.0,0.0,0
49.67103,-113.38646,2020-05-15,2004,0.0,0.0,0
56.42821,-111.81864,2025-07-15,1847,0.0,0.0,0
44.38686,-77.57703,2023-08-01,704,0.0,0.0,0
52.01915,-86.61716,2025-09-01,1845,0.0,0.0,0
50.38367,-119.92829,2025-05-01,2031,0.0,0.0,0
50.02459,-98.17392,2024-06-15,1848,346.46,74.49,1
59.24191,-97.88337,2021-06-01,1900,0.0,0.0,0
65.00467,-123.57546,2023-10-15,1017,0.0,0.0,0
55.63596,-123.42718,2024-11-01,2025,342.93,9.6,1
51.71978,-124.25891,2023-10-01,940,0.0,0.0,0
57.03569,-93.06506,2023-07-01,1814,367.0,239.59,1
55.35245,-101.45089,2021-10-01,1916,0.0,0.0,0
56.13953,-91.75316,2022-05-01,951,0.0,0.0,0
53.79963,-123.2149,2021-10-01,1917,0.0,0.0,0
59.83287,-101.73563,2023-10-15,1017,0.0,0.0,0
75.12092,-81.46714,2022-05-01,951,0.0,0.0,0
62.74257,-135.04027,2021-09-01,1208,324.67,0.13,1
53.43455,-84.87179,2024-09-15,834,0.0,0.0,0
61.43931,-129.71123,2022-08-15,1957,332.08,4.14,1
72.7814,-86.46031,2023-11-01,819,0.0,0.0,0
73.61115,-94.64505,2022-07-01,1858,0.0,0.0,0
56.60826,-62.52672,2020-07-01,852,0.0,0.0,0
46.20988,-71.36649,2021-04-15,1659,0.0,0.0,0
54.73349,-104.6602,2023-06-15,1954,347.94,17.02,1
53.38086,-103.90561,2022-09-15,1832,0.0,0.0,0
45.05952,-63.77996,2025-07-01,1623,328.68,2.33,1
80.55976,-77.36615,2020-11-01,2018,0.0,0.0,0
50.1004,-97.6148,2021-05-15,931,0.0,0.0,0
63.98046,-114.59481,2024-07-01,1853,341.62,9.31,1
63.69104,-136.91805,2022-07-01,2041,367.0,133.77,1
80.94202,-74.28753,2020-09-15,1634,0.0,0.0,0
64.85816,-99.68964,2022-09-15,1024,0.0,0.0,0
54.62172,-58.06323,2021-10-15,1952,0.0,0.0,0
60.60169,-95.11977,2021-07-15,1836,0.0,0.0,0
44.64826,-76.0558,2024-10-01,1820,0.0,0.0,0
58.25744,-73.74262,2022-09-15,1024,0.0,0.0,0
53.59551,-107.99883,2021-11-15,1024,0.0,0.0,0
52.0374,-120.8041,2022-06-15,1048,0.0,0.0,0
46.35749,-81.90503,2020-04-01,721,0.0,0.0,0
59.96635,-124.21596,2025-06-01,920,0.0,0.0,0
54.17161,-122.95049,2023-09-15,939,0.0,0.0,0
55.19772,-70.79848,2024-07-01,1849,0.0,0.0,0
58.72625,-127.92745,2025-10-15,1153,310.38,1.61,1
61.5172,-134.80235,2025-09-15,2108,333.32,5.08,1
60.54747,-120.08463,2024-07-01,1852,347.82,9.13,1
52.23739,-108.56838,2024-09-01,1928,348.64,73.21,1
51.69735,-116.55567,2022-09-01,2115,0.0,0.0,0
50.21078,-122.91638,2022-08-15,2133,0.0,0.0,0
49.02795,-103.64546,2021-09-15,747,305.12,1.08,1
45.74455,-82.30293,2024-07-01,1849,0.0,0.0,0
69.37096,-96.0847,2023-10-15,1017,0.0,0.0,0
61.64594,-110.92231,2025-08-01,1016,346.02,5.39,1
51.89052,-102.59712,2023-11-15,2024,0.0,0.0,0
52.70629,-112.74626,2025-11-15,852,0.0,0.0,0
72.26911,-108.84695,2025-09-01,1845,0.0,0.0,0
48.7656,-65.62402,2025-06-15,637,0.0,0.0,0
55.434,-122.46711,2022-10-15,2051,0.0,0.0,0
53.98511,-89.95546,2024-08-01,1908,367.0,132.94,1
56.94289,-62.05552,2023-07-15,1710,325.32,2.74,1
72.52772,-100.96929,2025-11-01,1134,0.0,0.0,0
54.64219,-112.38192,2023-11-15,1035,296.72,0.97,1
59.63025,-110.08908,2022-09-15,2014,0.0,0.0,0
64.12549,-136.71217,2022-07-01,2041,0.0,0.0,0
50.84661,-77.65839,2023-08-15,1908,0.0,0.0,0
64.37363,-97.07716,2023-05-15,1751,0.0,0.0,0
56.13482,-109.70419,2023-05-01,2039,0.0,0.0,0
51.42598,-101.71245,2025-05-01,1850,348.44,7.62,1
57.63796,-120.43691,2022-09-01,1125,0.0,0.0,0
53.47185,-99.1923,2024-10-01,834,0.0,0.0,0
43.56723,-65.46272,2023-06-01,1732,367.0,72.26,1
57.02728,-93.74957,2023-07-01,1814,0.0,0.0,0
47.08859,-84.73791,2021-05-15,1737,0.0,0.0,0
50.00366,-116.42427,2024-11-01,1035,0.0,0.0,0
57.64392,-122.55103,2022-10-15,1100,0.0,0.0,0
46.52,-84.39399,2022-11-15,759,307.69,1.51,1
76.59654,-117.65063,2020-04-01,721,0.0,0.0,0
55.74263,-106.24432,2023-07-01,1814,367.0,26.34,1
66.5896,-83.24453,2022-09-01,1125,0.0,0.0,0
49.14071,-117.54458,2020-11-01,1030,306.68,1.33,1
41.90952,-82.32713,2022-04-15,812,0.0,0.0,0
64.87679,-83.56292,2021-09-15,1732,0.0,0.0,0
52.12385,-121.96865,2024-10-15,2042,0.0,0.0,0
66.91887,-89.1495,2020-04-15,1746,0.0,0.0,0
55.39423,-64.61184,2023-11-15,1844,0.0,0.0,0
49.54809,-91.80602,2021-11-01,1753,0.0,0.0,0
50.84704,-79.85793,2023-07-15,901,367.0,19.52,1
53.15092,-111.05786,2025-05-01,1851,0.0,0.0,0
42.84277,-79.2716,2024-05-15,1827,0.0,0.0,0
58.0647,-109.89349,2022-07-01,1858,0.0,0.0,0
47.08228,-82.29471,2024-09-15,1822,0.0,0.0,0
52.47387,-121.09057,2022-11-01,2031,367.0,86.88,1
50.84253,-95.84468,2025-06-15,1807,356.78,7.39,1
62.93969,-115.12519,2023-07-01,821,301.13,1.7,1
53.40502,-106.78251,2020-08-01,2043,344.32,4.12,1
57.81359,-116.74483,2020-07-15,1923,367.0,11.73,1
67.23163,-137.01575,2024-09-15,1821,0.0,0.0,0
62.61794,-133.7826,2021-09-01,1208,0.0,0.0,0
56.18222,-118.05267,2020-05-01,1928,0.0,0.0,0
55.2192,-103.8065,2024-05-15,1832,367.0,21.15,1
53.47176,-112.22253,2021-07-15,1029,0.0,0.0,0
57.47382,-131.81481,2025-04-01,1075,0.0,0.0,0
75.14517,-106.38971,2025-04-01,1075,0.0,0.0,0
52.49766,-58.73583,2023-09-15,1745,0.0,0.0,0
69.43964,-139.56239,2023-04-01,1013,0.0,0.0,0
53.78693,-116.96088,2024-04-01,1048,303.21,0.75,1
52.75362,-104.92099,2022-06-15,907,0.0,0.0,0
45.36645,-61.60484,2020-10-01,1815,0.0,0.0,0
56.59099,-95.53534,2020-09-01,933,0.0,0.0,0
53.42974,-90.26768,2025-09-01,1845,367.0,38.74,1
63.84208,-138.94816,2023-08-01,2157,0.0,0.0,0
53.96225,-78.56261,2025-06-15,1807,355.29,18.88,1
49.59018,-117.07974,2025-04-15,2030,348.15,5.86,1
64.48159,-116.08635,2024-08-01,2053,348.22,12.24,1
44.52662,-81.17924,2023-09-01,1848,326.03,1.61,1
48.83488,-92.05892,2025-05-15,800,0.0,0.0,0
66.37576,-117.1901,2022-07-15,2119,356.26,15.35,1
54.88446,-90.65341,2024-07-01,1849,340.49,3.63,1
59.46227,-106.56557,2022-07-01,1858,343.11,50.08,1
70.36225,-95.09433,2021-11-01,1753,0.0,0.0,0
65.21886,-72.41345,2020-07-15,1737,0.0,0.0,0
66.40577,-124.10356,2021-04-15,2023,0.0,0.0,0
63.24158,-122.17233,2024-08-15,1950,0.0,0.0,0
63.4239,-114.01179,2025-09-01,2029,345.17,5.48,1
53.34639,-114.23698,2021-04-01,1946,0.0,0.0,0
65.78572,-95.68151,2021-09-01,849,0.0,0.0,0
52.11732,-114.62398,2023-10-15,2006,329.24,2.4,1
56.69518,-102.13423,2023-05-15,1936,0.0,0.0,0
54.21507,-107.65118,2025-07-15,856,0.0,0.0,0
51.6371,-124.82759,2024-09-15,1821,0.0,0.0,0
56.07666,-116.88798,2023-10-01,939,301.24,3.54,1
51.51898,-86.94444,2020-08-15,810,300.83,1.12,1
73.45752,-120.65101,2023-07-01,1814,0.0,0.0,0
56.81866,-108.64948,2025-07-01,1809,367.0,43.99,1
50.48128,-96.27603,2022-06-15,726,0.0,0.0,0
51.82655,-121.49183,2025-05-01,2032,330.13,2.89,1
71.7127,-78.39119,2021-09-01,849,0.0,0.0,0
53.73672,-66.95562,2024-07-01,1528,0.0,0.0,0
60.04393,-113.67171,2023-05-01,2038,0.0,0.0,0
56.14809,-87.84182,2022-07-01,1858,0.0,0.0,0
61.79908,-135.57915,2025-07-01,2132,0.0,0.0,0
58.78968,-97.82571,2022-08-15,1629,0.0,0.0,0
46.38207,-64.55817,2021-04-15,1659,0.0,0.0,0
51.59535,-113.33549,2025-06-01,922,0.0,0.0,0
54.51624,-123.53717,2023-09-15,939,367.0,43.37,1
53.98639,-118.20391,2020-10-15,1048,0.0,0.0,0
54.20284,-114.24399,2021-10-15,2135,357.31,18.52,1
60.54032,-107.60464,2020-07-01,852,312.62,1.23,1
52.04336,-88.12176,2025-06-01,1909,0.0,0.0,0
52.5669,-117.26831,2021-09-15,1732,0.0,0.0,0
59.18563,-119.48315,2022-06-01,2000,0.0,0.0,0
59.75748,-134.28645,2023-09-01,2034,350.1,29.64,1
48.52993,-53.66479,2025-07-15,535,353.07,4.69,1
62.23441,-105.46598,2022-06-01,826,0.0,0.0,0
52.04791,-59.32899,2020-08-15,1758,367.0,49.02,1
45.30501,-74.9927,2021-09-01,709,303.74,0.8,1
82.57259,-66.59101,2020-06-01,1801,0.0,0.0,0
54.09486,-83.41319,2024-10-01,834,0.0,0.0,0
50.68735,-120.4068,2020-08-15,952,298.79,0.98,1
53.42047,-125.46233,2023-09-01,902,367.0,18.89,1
68.98993,-70.46328,2024-08-01,1907,0.0,0.0,0
64.73132,-69.43384,2024-04-01,1048,0.0,0.0,0
46.25756,-80.42456,2024-08-15,637,0.0,0.0,0
51.38066,-73.56792,2022-07-01,1858,0.0,0.0,0
69.43903,-115.77973,2025-10-01,1741,0.0,0.0,0
57.04377,-111.63458,2025-04-01,1003,301.72,0.94,1
46.79518,-73.2127,2020-04-15,1746,0.0,0.0,0
54.1814,-113.30442,2023-09-15,939,0.0,0.0,0
66.40876,-64.80278,2021-10-15,1952,0.0,0.0,0
46.60025,-64.98152,2020-07-15,611,295.52,0.5,1
60.55675,-135.70737,2025-11-01,2127,0.0,0.0,0
53.45655,-95.66408,2025-07-15,1845,0.0,0.0,0
52.96793,-60.43023,2024-09-01,1927,0.0,0.0,0
52.48022,-125.23071,2021-11-01,1936,356.87,40.06,1
62.15903,-114.18242,2022-08-15,1002,0.0,0.0,0
47.11248,-84.20079,2020-06-01,817,0.0,0.0,0
53.81111,-97.19353,2025-10-01,1924,339.55,6.24,1
55.83796,-115.8734,2023-10-01,939,0.0,0.0,0
52.15459,-119.90943,2023-07-15,2032,327.46,5.02,1
50.7781,-114.46334,2020-11-15,926,0.0,0.0,0
64.01933,-129.46405,2021-08-01,2144,356.8,36.38,1
51.43237,-88.37285,2025-06-01,1909,330.67,3.86,1
53.94232,-127.35828,2024-11-15,2102,0.0,0.0,0
67.84073,-136.1305,2020-05-15,2003,0.0,0.0,0
59.45604,-118.93448,2024-09-01,2110,348.84,45.05,1
62.50942,-140.56106,2021-06-15,2124,0.0,0.0,0
53.89995,-95.10687,2025-04-01,1075,0.0,0.0,0
52.85731,-105.63313,2024-10-15,912,344.37,5.62,1
46.36222,-77.50931,2023-04-15,1715,0.0,0.0,0
49.23512,-75.06517,2023-06-15,1631,367.0,155.66,1
49.19054,-83.8064,2024-08-15,1804,356.25,23.6,1
49.54064,-125.71511,2025-11-01,2124,0.0,0.0,0
52.95925,-73.10969,2024-06-15,1706,0.0,0.0,0
49.14621,-125.37874,2022-09-01,947,0.0,0.0,0
54.97403,-129.52859,2025-04-01,2135,0.0,0.0,0
76.34171,-86.16331,2021-04-15,2023,0.0,0.0,0
66.60388,-119.50174,2022-06-15,1712,0.0,0.0,0
61.31531,-131.54435,2022-07-01,2221,0.0,0.0,0
46.03058,-75.5754,2022-04-15,811,0.0,0.0,0
55.73397,-61.11511,2020-06-15,1659,0.0,0.0,0
63.25755,-105.37882,2024-11-01,1215,0.0,0.0,0
56.69462,-97.30819,2021-09-01,847,0.0,0.0,0
57.92637,-74.12201,2022-04-15,811,0.0,0.0,0
67.54137,-65.79678,2025-10-01,1741,0.0,0.0,0
51.08394,-97.37318,2020-09-01,752,298.16,2.03,1
47.14849,-81.16878,2025-04-01,643,0.0,0.0,0
53.48172,-132.09642,2022-11-01,2213,351.77,39.6,1
51.41989,-115.6502,2021-06-01,2042,345.68,12.28,1
62.57845,-105.05173,2022-06-01,826,335.65,0.17,1
58.87845,-127.26488,2025-06-01,2234,367.0,20.01,1
59.39531,-122.75529,2025-10-15,2005,325.63,2.18,1
56.59516,-73.58251,2021-04-15,2023,0.0,0.0,0
42.94936,-82.41641,2023-06-15,826,298.03,1.2,1
53.94633,-99.40154,2024-10-01,834,300.27,1.49,1
58.58246,-102.91647,2024-07-01,1851,345.27,11.27,1
54.88006,-88.61828,2020-07-15,1920,0.0,0.0,0
55.21002,-97.01767,2021-07-15,1837,0.0,0.0,0
62.0993,-130.70119,2022-07-01,2040,0.0,0.0,0
51.45184,-122.46535,2022-09-15,1024,0.0,0.0,0
63.16318,-139.83896,2024-06-15,2214,333.99,4.6,1
64.76904,-119.08694,2021-08-01,1818,0.0,0.0,0
82.09869,-63.70414,2020-10-01,1001,325.36,0.06,1
45.62022,-71.60382,2025-07-01,639,305.62,0.91,1
53.41282,-100.67215,2020-06-01,956,0.0,0.0,0
57.06162,-117.27506,2025-08-01,1017,0.0,0.0,0
50.00602,-93.9088,2021-08-01,1818,0.0,0.0,0
64.53558,-66.09303,2023-09-15,1745,0.0,0.0,0
47.38781,-65.71743,2023-05-15,1751,0.0,0.0,0
46.75341,-82.72056,2024-09-15,1822,343.74,4.67,1
44.50774,-79.2339,2022-08-15,1809,0.0,0.0,0
58.35514,-123.61684,2023-09-15,2111,0.0,0.0,0
45.96567,-80.93721,2020-09-15,650,0.0,0.0,0
49.865,-114.41617,2021-09-01,1030,0.0,0.0,0
55.78021,-94.47135,2022-10-15,1103,0.0,0.0,0
